{"cameraMode":{"drawMode":0,"name":"Shaded","section":"Shading Mode"},"sceneLighting":true,"audioPlay":false,"sceneViewState":{"m_AlwaysRefresh":false,"showFog":true,"showSkybox":true,"showFlares":true,"showImageEffects":true,"showParticleSystems":true,"showVisualEffectGraphs":true,"m_FxEnabled":true},"in2DMode":false,"pivot":{"x":10.781171798706055,"y":3.1340065002441408,"z":-3.314021110534668},"rotation":{"x":0.02249068208038807,"y":0.8779374361038208,"z":-0.04137857258319855,"w":0.47665438055992129},"size":7.9915618896484379,"orthographic":false}